name,KL,size
response,0.0,1
more,0.0,1
mode,0.0,1
version,0.18890457834061103,3
auth,0.06949233099183683,2
seq,0.0,1
implementation,0.17849401513101606,2
request_code,3.828641396489095,46
err,0.0,1
mbz,0.0,1
data_item_size,0.0,1
data,0.0,1
