name,KL,size
response,0.0,1
more,0.0,1
mode,0.0,1
version,0.005161084254797131,3
auth,0.007812241240608309,2
seq,0.0,1
implementation,0.6931471805599453,2
request_code,3.1546363922616005,46
err,0.0,1
mbz,0.0,1
data_item_size,0.0,1
data,0.0,1
