name,KL,size
response,0.0,1
more,0.0,1
mode,0.0,1
version,0.020302816181233883,3
auth,0.034593101394172474,2
seq,0.0,1
implementation,0.6931471805599453,2
request_code,3.828641396489095,46
err,0.0,1
mbz,0.0,1
data_item_size,0.0,1
data,0.0,1
