name,KL,size
response,0.0,1
more,0.0,1
mode,0.0,1
version,1.0644506107544809,3
auth,0.6727158434950443,2
seq,0.0,1
implementation,0.6797062907841379,2
request_code,3.828641396489095,46
err,0.0,1
mbz,0.0,1
data_item_size,0.0,1
data,0.0,1
