name,KL,size
response,0.0,1
more,0.0,1
mode,0.0,1
version,0.0023656597569002707,3
auth,0.0015957465981581466,2
seq,0.0,1
implementation,0.6925028958388934,2
request_code,3.1369525983166535,46
err,0.0,1
mbz,0.0,1
data_item_size,0.0,1
data,0.0,1
