,risk,request_code
0,58.0,1.0
1,2.111111111111111,6.0
2,65.11111111111111,16.0
