name,KL,size
response,0.0,1
more,0.0,1
mode,0.0,1
version,0.2589079483247721,3
auth,0.000771530144143568,2
seq,0.0,1
implementation,0.6926692696167247,2
request_code,3.826599952429752,46
err,0.0,1
mbz,0.0,1
data_item_size,0.0,1
data,0.0,1
